略称	正式名称
行旅法	行旅病人及行旅死亡人取扱法
失火責任法	明治三十二年法律第四十号（失火ノ責任ニ関スル法律）
失火法	明治三十二年法律第四十号（失火ノ責任ニ関スル法律）
担信法	担保付社債信託法
外嘱法	外国裁判所ノ嘱託ニ因ル共助法
旧刑法施行法　抄	刑法施行法
埋立法	公有水面埋立法
定年に因る退職判事検察官の恩給に関する法律	大正十年法律第百二号（定年ニ因ル退職判事検察官ノ恩給ニ関スル法律）
健保法	健康保険法
民訴法	民事訴訟法中改正法律施行法
兼営法	金融機関の信託業務の兼営等に関する法律
財政援助制限法	昭和二十一年法律第二十四号（法人に対する政府の財政援助の制限に関する法律）
労働三法	労働関係調整法
労調法	労働関係調整法
物統令	物価統制令
学教法	学校教育法
労基法	労働基準法
労災法	労働者災害補償保険法
労災保険法	労働者災害補償保険法
独占禁止法	昭和二十二年法律第五十四号（私的独占の禁止及び公正取引の確保に関する法律）
独禁法	昭和二十二年法律第五十四号（私的独占の禁止及び公正取引の確保に関する法律）
下級裁設立管轄区域法	下級裁判所の設立及び管轄区域に関する法律
地自法	地方自治法
国公法	国家公務員法
国賠法	国家賠償法
農協法	農業協同組合法
職安法	職業安定法
児福法	児童福祉法
災害減免法	昭和二十二年法律第百七十五号（災害被害者に対する租税の減免、徴収猶予等に関する法律）
農災法	農業保険法
法務大臣権限法	国の利害に関係のある訴訟についての法務大臣の権限等に関する法律
あはき法	あん摩マツサージ指圧師、はり師、きゆう師等に関する法律
歳費法	国会議員の歳費、旅費及び手当等に関する法律
国会議員歳費法	国会議員の歳費、旅費及び手当等に関する法律
国民審査法	最高裁判所裁判官国民審査法
議院証言法	議院における証人の宣誓及び証言等に関する法律
ポツダム宣言の受諾に伴い発する命令に関する件に基く陸軍刑法を廃止する等の政令	昭和二十二年政令第五十二号（ポツダム宣言の受諾に伴い発する命令に関する件に基く陸軍刑法を廃止する等の政令）
金商法	金融商品取引法
証取法	金融商品取引法
墓地埋葬法	墓地、埋葬等に関する法律
裁判官報酬法	裁判官の報酬等に関する法律
検察官俸給法	検察官の俸給等に関する法律
地財法	地方財政法
風営適正化法	風俗営業等の規制及び業務の適正化等に関する法律
風適法	風俗営業等の規制及び業務の適正化等に関する法律
風営法	風俗営業等の規制及び業務の適正化等に関する法律
刑訴法	刑事訴訟法
教科書発行法	教科書の発行に関する臨時措置法
警職法	警察官職務執行法
化製場法	化製場等に関する法律
検審法	検察審査会法
料団法	損害保険料率算出団体に関する法律
生協法	消費生活協同組合法
保助看法	保健師助産師看護師法
水協法	水産業協同組合法
刑訴法施行法	刑事訴訟法施行法
国民祝日法	国民の祝日に関する法律
祝日法	国民の祝日に関する法律
保安四法	消防法
政治資金法	政治資金規正法
競輪法	自転車競技法
教特法	教育公務員特例法
教育免許法	教育職員免許法
教育免許法施行法　抄	教育職員免許法施行法
労組法	労働組合法
中協法	中小企業等協同組合法
中協法施行法　抄	中小企業等協同組合法施行法
協金法	協同組合による金融事業に関する法律
ＪＩＳ法	産業標準化法
ジス法	産業標準化法
広告法	屋外広告物法
お年玉法	お年玉付郵便葉書等に関する法律
外為法	外国為替及び外国貿易法
外国為替法	外国為替及び外国貿易法
特別職職員給与法	特別職の職員の給与に関する法律
特別職給与法	特別職の職員の給与に関する法律
国立国会図書館支部図書館法	国立国会図書館法の規定により行政各部門に置かれる支部図書館及びその職員に関する法律
支払遅延防止法	政府契約の支払遅延防止等に関する法律
身福法	身体障害者福祉法
身障者福祉法	身体障害者福祉法
旅費法	国家公務員等の旅費に関する法律
火取法	火薬類取締法
植防法	植物防疫法
暫定法	農林水産業施設災害復旧事業費国庫補助の暫定措置に関する法律
予責法	予算執行職員等の責任に関する法律
ジャス法	日本農林規格等に関する法律
ＪＡＳ法	日本農林規格等に関する法律
執行経費基準法	国会議員の選挙等の執行経費の基準に関する法律
選挙執行経費基準法	国会議員の選挙等の執行経費の基準に関する法律
国政選挙執行経費基準法	国会議員の選挙等の執行経費の基準に関する法律
建基法	建築基準法
交付税法	地方交付税法
地公法	地方公務員法
土地利用調整法	鉱業等に係る土地利用の調整手続等に関する法律
毒劇物取締法	毒物及び劇物取締法
毒劇法	毒物及び劇物取締法
精神保健福祉法	精神保健及び精神障害者福祉に関する法律
一般職給与法	一般職の職員の給与に関する法律
一般職職員給与法	一般職の職員の給与に関する法律
公選法	公職選挙法
オートレース法	小型自動車競走法
国公共済法の規定による年金の額の改定に関する法律	国家公務員共済組合法の規定による年金の額の改定に関する法律
社福法	社会福祉法
農業委員会法	農業委員会等に関する法律
負担法	公共土木施設災害復旧事業費国庫負担法
投信法	投資信託及び投資法人に関する法律
国有林野管理経営法	国有林野の管理経営に関する法律
北海道港湾工事法	北海道開発のためにする港湾工事に関する法律
家伝法	家畜伝染病予防法
官公法	官公庁施設の建設等に関する法律
日刊新聞法	日刊新聞紙の発行を目的とする株式会社の株式の譲渡の制限等に関する法律
民調法	民事調停法
入管法	出入国管理及び難民認定法
在外公館名称位置給与法	在外公館の名称及び位置並びに在外公館に勤務する外務公務員の給与に関する法律
名称位置法	在外公館の名称及び位置並びに在外公館に勤務する外務公務員の給与に関する法律
民特法	日本国とアメリカ合衆国との間の相互協力及び安全保障条約第六条に基づく施設及び区域並びに日本国における合衆国軍隊の地位に関する協定の実施に伴う民事特別法
民事特別法	日本国とアメリカ合衆国との間の相互協力及び安全保障条約第六条に基づく施設及び区域並びに日本国における合衆国軍隊の地位に関する協定の実施に伴う民事特別法
遺族援護法	戦傷病者戦没者遺族等援護法
刑特法	日本国とアメリカ合衆国との間の相互協力及び安全保障条約第六条に基づく施設及び区域並びに日本国における合衆国軍隊の地位に関する協定の実施に伴う刑事特別法
刑事特別法	日本国とアメリカ合衆国との間の相互協力及び安全保障条約第六条に基づく施設及び区域並びに日本国における合衆国軍隊の地位に関する協定の実施に伴う刑事特別法
米軍用地特措法	日本国とアメリカ合衆国との間の相互協力及び安全保障条約第六条に基づく施設及び区域並びに日本国における合衆国軍隊の地位に関する協定の実施に伴う土地等の使用等に関する特別措置法
駐留軍用地特別措置法	日本国とアメリカ合衆国との間の相互協力及び安全保障条約第六条に基づく施設及び区域並びに日本国における合衆国軍隊の地位に関する協定の実施に伴う土地等の使用等に関する特別措置法
保証事業法	公共工事の前払金保証事業に関する法律
長銀法	長期信用銀行法
ＩＭＦ等加盟措置法	国際通貨基金及び国際復興開発銀行への加盟に伴う措置に関する法律
破防法	破壊活動防止法
防衛省給与法	防衛省の職員の給与等に関する法律
防衛省職員給与法	防衛省の職員の給与等に関する法律
地公労法	地方公営企業等の労働関係に関する法律
輸取法	輸出入取引法
特土法	特殊土壌地帯災害防除及び振興臨時措置法
宅建業法	宅地建物取引業法
法廷秩序維持法	法廷等の秩序維持に関する法律
酒団法	酒税の保全及び酒類業組合等に関する法律
酒類業組合法	酒税の保全及び酒類業組合等に関する法律
麻向法	麻薬及び向精神薬取締法
留守家族援護法	未帰還者留守家族等援護法
スト規制法	電気事業及び石炭鉱業における争議行為の方法の規制に関する法律
国援法	国の援助等を必要とする帰国者に関する領事官の職務等に関する法律
私学共済法	私立学校教職員共済法
特損法	日本国に駐留するアメリカ合衆国軍隊等の行為による特別損失の補償に関する法律
特別損失補償法	日本国に駐留するアメリカ合衆国軍隊等の行為による特別損失の補償に関する法律
学災法	公立学校施設災害復旧費国庫負担法
飼料安全法	飼料の安全性の確保及び品質の改善に関する法律
刑訴法第百九十四条に基く懲戒処分に関する法律	刑事訴訟法第百九十四条に基く懲戒処分に関する法律
利限法	利息制限法
厚生年金法	厚生年金保険法
就学奨励法	特別支援学校への就学奨励に関する法律
中確法	義務教育諸学校における教育の政治的中立の確保に関する臨時措置法
義務教育中立法	義務教育諸学校における教育の政治的中立の確保に関する臨時措置法
ＭＳＡ秘密保護法	日米相互防衛援助協定等に伴う秘密保護法
日米秘密保護法	日米相互防衛援助協定等に伴う秘密保護法
ＭＤＡ秘密保護法	日米相互防衛援助協定等に伴う秘密保護法
防衛秘密保護法	日米相互防衛援助協定等に伴う秘密保護法
酪肉振興法	酪農及び肉用牛生産の振興に関する法律
出資法	出資の受入れ、預り金及び金利等の取締りに関する法律
ＪＲＡ法	日本中央競馬会法
奄美法	奄美群島振興開発特別措置法
奄振法	奄美群島振興開発特別措置法
輸徴法	輸入品に対する内国消費税の徴収等に関する法律
自賠法	自動車損害賠償保障法
補助金等適正化法	補助金等に係る予算の執行の適正化に関する法律
補助金適正化法	補助金等に係る予算の執行の適正化に関する法律
産休法	女子教職員の出産に際しての補助教職員の確保に関する法律
教特法附則第二条の規定の適用を受ける公立学校職員等について学校看護婦としての在職を準教育職員としての在職とみなすことに関する法律	教育公務員特例法附則第二条の規定の適用を受ける公立学校職員等について学校看護婦としての在職を準教育職員としての在職とみなすことに関する法律
天災融資法	天災による被害農林漁業者等に対する資金の融通に関する暫定措置法
就学奨励援助法	就学困難な児童及び生徒に係る就学奨励についての国の援助に関する法律
債権管理法	国の債権の管理等に関する法律
売防法	売春防止法
取適法	製造委託等に係る中小受託事業者に対する代金の支払の遅延等の防止に関する法律
中小受託取引適正化法	製造委託等に係る中小受託事業者に対する代金の支払の遅延等の防止に関する法律
労審法	労働保険審査官及び労働保険審査会法
国公共済法第九十条の規定による公務傷病年金等の額の改定に関する法律	国家公務員共済組合法第九十条の規定による公務傷病年金等の額の改定に関する法律
血液法	安全な血液製剤の安定供給の確保等に関する法律
地教行法	地方教育行政の組織及び運営に関する法律
地方教育行政法	地方教育行政の組織及び運営に関する法律
雪寒法	積雪寒冷特別地域における道路交通の確保に関する特別措置法
恩給特例法	旧軍人等の遺族に対する恩給等の特例に関する法律
租特法	租税特別措置法
特ダム法	特定多目的ダム法
ダム法	特定多目的ダム法
滞調法	滞納処分と強制執行等との手続の調整に関する法律
庁舎法	国の庁舎等の使用調整等に関する特別措置法
原子炉等規制法	核原料物質、核燃料物質及び原子炉の規制に関する法律
放射線障害防止法	放射性同位元素等の規制に関する法律
放射性同位元素等規制法	放射性同位元素等の規制に関する法律
中小企業団体法	中小企業団体の組織に関する法律
生活衛生関係営業適正化・振興法	生活衛生関係営業の運営の適正化及び振興に関する法律
銃刀法	銃砲刀剣類所持等取締法
道路整備事業財政特別措置法	道路整備事業に係る国の財政上の特別措置に関する法律
道路財特法	道路整備事業に係る国の財政上の特別措置に関する法律
道路整備財源特例法	道路整備事業に係る国の財政上の特別措置に関する法律
道路特例法	道路整備事業に係る国の財政上の特別措置に関する法律
施設費負担法	義務教育諸学校等の施設費の国庫負担等に関する法律
義務教育標準法	公立義務教育諸学校の学級編制及び教職員定数の標準に関する法律
義務標準法	公立義務教育諸学校の学級編制及び教職員定数の標準に関する法律
義務教育諸学校標準法	公立義務教育諸学校の学級編制及び教職員定数の標準に関する法律
国公共済法	国家公務員共済組合法
国公共済法の長期給付に関する施行法	国家公務員共済組合法の長期給付に関する施行法
電質法	電話加入権質に関する臨時特例法
国健保法	国民健康保険法
国保法	国民健康保険法
国健保法施行法　抄	国民健康保険法施行法
国保法施行法　抄	国民健康保険法施行法
駐留軍法	駐留軍関係離職者等臨時措置法
最賃法	最低賃金法
商調法	小売商業調整特別措置法
中退法	中小企業退職金共済法
未帰還者特別措置法	未帰還者に関する特別措置法
知福法	知的障害者福祉法
道交法	道路交通法
障害者雇用促進法	障害者の雇用の促進等に関する法律
薬機法	医薬品、医療機器等の品質、有効性及び安全性の確保等に関する法律
医薬品医療機器等法	医薬品、医療機器等の品質、有効性及び安全性の確保等に関する法律
薬事法	医薬品、医療機器等の品質、有効性及び安全性の確保等に関する法律
果振法	果樹農業振興特別措置法
農協合併助成法	農業協同組合合併助成法
後進地域特例法	後進地域の開発に関する公共事業に係る国の負担割合の特例に関する法律
後進地域開発特例法	後進地域の開発に関する公共事業に係る国の負担割合の特例に関する法律
原賠法	原子力損害の賠償に関する法律
原子力損害賠償法	原子力損害の賠償に関する法律
補償契約法	原子力損害賠償補償契約に関する法律
割販法	割賦販売法
畜産経営安定法	畜産経営の安定に関する法律
畜安法	畜産経営の安定に関する法律
畜産物価格安定法	畜産経営の安定に関する法律
高校標準法	公立高等学校の適正配置及び教職員定数の標準等に関する法律
高等学校標準法	公立高等学校の適正配置及び教職員定数の標準等に関する法律
宅造法	宅地造成及び特定盛土等規制法
災対法	災害対策基本法
電安法	電気用品安全法
ＰＳＥ法	電気用品安全法
酩酊防止法	酒に酔つて公衆に迷惑をかける行為の防止等に関する法律
トラ退治法	酒に酔つて公衆に迷惑をかける行為の防止等に関する法律
酔っぱらい防止法	酒に酔つて公衆に迷惑をかける行為の防止等に関する法律
無償法	義務教育諸学校の教科用図書の無償に関する法律
マンション法	建物の区分所有等に関する法律
区分所有法	建物の区分所有等に関する法律
辺地法	辺地に係る公共的施設の総合整備のための財政上の特別措置等に関する法律
ビル用水法	建築物用地下水の採取の規制に関する法律
住居表示法	住居表示に関する法律
景品表示法	不当景品類及び不当表示防止法
景表法	不当景品類及び不当表示防止法
行訴法	行政事件訴訟法
外国居住者等所得相互免除法	外国居住者等の所得に対する相互主義による所得税等の非課税等に関する法律
ガレージ法	自動車の保管場所の確保等に関する法律
車庫法	自動車の保管場所の確保等に関する法律
激甚災害法	激甚災害に対処するための特別の財政援助等に関する法律
激甚法	激甚災害に対処するための特別の財政援助等に関する法律
豪雪法	豪雪地帯対策特別措置法
豪雪対策法	豪雪地帯対策特別措置法
豪雪特措法	豪雪地帯対策特別措置法
豪雪地帯特措法	豪雪地帯対策特別措置法
樹木保存法	都市の美観風致を維持するための樹木の保存に関する法律
戦没者妻特給法	戦没者等の妻に対する特別給付金支給法
共同溝法	共同溝の整備等に関する特別措置法
第三者所有物没収手続応急措置法	刑事事件における第三者所有物の没収手続に関する応急措置法
不動産鑑定評価法	不動産の鑑定評価に関する法律
不動産鑑定法	不動産の鑑定評価に関する法律
教科書無償措置法	義務教育諸学校の教科用図書の無償措置に関する法律
国事行為臨時代行法	国事行為の臨時代行に関する法律
新幹線妨害特例法	新幹線鉄道における列車運行の安全を妨げる行為の処罰に関する特例法
新幹線安全特例法	新幹線鉄道における列車運行の安全を妨げる行為の処罰に関する特例法
母子父子寡婦福祉法	母子及び父子並びに寡婦福祉法
母子父子寡婦法	母子及び父子並びに寡婦福祉法
特別児童扶養手当法	特別児童扶養手当等の支給に関する法律
電事法	電気事業法
特別弔慰金支給法	戦没者等の遺族に対する特別弔慰金支給法
地震保険法	地震保険に関する法律
官公需法	官公需についての中小企業者の受注の確保に関する法律
戦傷病者妻特給法	戦傷病者等の妻に対する特別給付金支給法
流通業務市街地整備法	流通業務市街地の整備に関する法律
首都圏等財特法	首都圏、近畿圏及び中部圏の近郊整備地帯等の整備のための国の財政上の特別措置に関する法律
入会林野近代化法	入会林野等に係る権利関係の近代化の助長に関する法律
労働施策総合推進法	労働施策の総合的な推進並びに労働者の雇用の安定及び職業生活の充実等に関する法律
雇対法	労働施策の総合的な推進並びに労働者の雇用の安定及び職業生活の充実等に関する法律
古都保存法	古都における歴史的風土の保存に関する特別措置法
戦没者父母特給法	戦没者の父母等に対する特別給付金支給法
外規法	外国人漁業の規制に関する法律
外国人漁業規制法	外国人漁業の規制に関する法律
住基法	住民基本台帳法
住基台帳法	住民基本台帳法
航空機騒音障害防止法	公共用飛行場周辺における航空機騒音による障害の防止等に関する法律
航空機騒音防止法	公共用飛行場周辺における航空機騒音による障害の防止等に関する法律
騒防法	公共用飛行場周辺における航空機騒音による障害の防止等に関する法律
在外財産補償法	引揚者等に対する特別交付金の支給に関する法律
ＬＰＧ法	液化石油ガスの保安の確保及び取引の適正化に関する法律
液石法	液化石油ガスの保安の確保及び取引の適正化に関する法律
ＬＰガス法	液化石油ガスの保安の確保及び取引の適正化に関する法律
液化石油ガス法	液化石油ガスの保安の確保及び取引の適正化に関する法律
ダンプカー規制法	土砂等を運搬する大型自動車による交通事故の防止等に関する特別措置法
マル南法	南九州畑作営農改善資金融通臨時措置法
合併転換法	金融機関の合併及び転換に関する法律
合転法	金融機関の合併及び転換に関する法律
大防法	大気汚染防止法
都計法	都市計画法
都計法施行法　抄	都市計画法施行法
社労士法	社会保険労務士法
総定員法	行政機関の職員の定員に関する法律
租税条約等実施特例法	租税条約等の実施に伴う所得税法、法人税法及び地方税法の特例等に関する法律
がけ崩れ防止法	急傾斜地の崩壊による災害の防止に関する法律
急傾斜地法	急傾斜地の崩壊による災害の防止に関する法律
農振法	農業振興地域の整備に関する法律
能開法	職業能力開発促進法
小笠原法	小笠原諸島振興開発特別措置法
労働保険徴収法	労働保険の保険料の徴収等に関する法律
失業保険法及び労災法の一部を改正する法律及び労働保険の保険料の徴収等に関する法律の施行に伴う関係法律の整備等に関する法律	失業保険法及び労働者災害補償保険法の一部を改正する法律及び労働保険の保険料の徴収等に関する法律の施行に伴う関係法律の整備等に関する法律
成田財特法	成田国際空港周辺整備のための国の財政上の特別措置に関する法律
ハイジャック防止法	航空機の強取等の処罰に関する法律
清酒業等安定法	清酒製造業等の安定に関する特別措置法
情報処理促進法	情報処理の促進に関する法律
若者雇用促進法	青少年の雇用の促進等に関する法律
海洋汚染防止法	海洋汚染等及び海上災害の防止に関する法律
海防法	海洋汚染等及び海上災害の防止に関する法律
ごみ処理法	廃棄物の処理及び清掃に関する法律
廃掃法	廃棄物の処理及び清掃に関する法律
廃棄物処理法	廃棄物の処理及び清掃に関する法律
水濁法	水質汚濁防止法
土壌汚染防止法	農用地の土壌の汚染防止等に関する法律
農用地土壌汚染防止法	農用地の土壌の汚染防止等に関する法律
公害罪法	人の健康に係る公害犯罪の処罰に関する法律
下請振興法	受託中小企業振興法
自転車道法	自転車道の整備等に関する法律
柔整法	柔道整復師法
ビル管理法	建築物における衛生的環境の確保に関する法律
建築物衛生法	建築物における衛生的環境の確保に関する法律
全幹法	全国新幹線鉄道整備法
新幹線整備法	全国新幹線鉄道整備法
電気工事業法	電気工事業の業務の適正化に関する法律
農住利子補給法	農地所有者等賃貸住宅建設融資利子補給臨時措置法
預保法	預金保険法
民訴費用法	民事訴訟費用等に関する法律
高年齢者雇用安定法	高年齢者等の雇用の安定等に関する法律
公害財特法	公害の防止に関する事業に係る国の財政上の特別措置に関する法律
教員給与特別措置法	公立の義務教育諸学校等の教育職員の給与等に関する特別措置法
給特法	公立の義務教育諸学校等の教育職員の給与等に関する特別措置法
財形法	勤労者財産形成促進法
公害防止組織整備法	特定工場における公害防止組織の整備に関する法律
農村産業法	農村地域への産業の導入の促進等に関する法律
農工法	農村地域への産業の導入の促進等に関する法律
労安衛法	労働安全衛生法
安衛法	労働安全衛生法
公有地拡大推進法	公有地の拡大の推進に関する法律
公拡法	公有地の拡大の推進に関する法律
パイプライン事業法	石油パイプライン事業法
男女雇用機会均等法	雇用の分野における男女の均等な機会及び待遇の確保等に関する法律
火炎びん処罰法	火炎びんの使用等の処罰に関する法律
消安法	消費生活用製品安全法
買占め防止法	生活関連物資等の買占め及び売惜しみに対する緊急措置に関する法律
買占め及び売り惜しみ防止法	生活関連物資等の買占め及び売惜しみに対する緊急措置に関する法律
小振法	中小小売商業振興法
公健法	公害健康被害の補償等に関する法律
家庭用品規制法	有害物質を含有する家庭用品の規制に関する法律
化審法	化学物質の審査及び製造等の規制に関する法律
水特法	水源地域対策特別措置法
生活安定法	国民生活安定緊急措置法
災害弔慰金法	災害弔慰金の支給等に関する法律
災害弔慰金支給法	災害弔慰金の支給等に関する法律
活火山法	活動火山対策特別措置法
動管法	動物の愛護及び管理に関する法律
動物愛護法	動物の愛護及び管理に関する法律
学校教育人材確保法	学校教育の水準の維持向上のための義務教育諸学校の教育職員の人材確保に関する特別措置法
電促税法	電源開発促進税法
航空危険行為処罰法	航空の危険を生じさせる行為等の処罰に関する法律
航空危険処罰法	航空の危険を生じさせる行為等の処罰に関する法律
環境整備法	防衛施設周辺の生活環境の整備等に関する法律
伝産法	伝統的工芸品産業の振興に関する法律
国土法	国土利用計画法
作環法	作業環境測定法
宅地供給促進法	大都市地域における住宅及び住宅地の供給の促進に関する特別措置法
大都市法	大都市地域における住宅及び住宅地の供給の促進に関する特別措置法
石災法	石油コンビナート等災害防止法
船主責任制限法	船舶の所有者等の責任の制限に関する法律
油賠法	船舶油濁等損害賠償保障法
油濁法	船舶油濁等損害賠償保障法
石油備蓄法	石油の備蓄の確保等に関する法律
合特法	下水道の整備等に伴う一般廃棄物処理業等の合理化に関する特別措置法
私学助成法	私立学校振興助成法
建設労働者雇用改善法	建設労働者の雇用の改善等に関する法律
賃確法	賃金の支払の確保等に関する法律
賃金支払確保法	賃金の支払の確保等に関する法律
漁特法	漁業経営の改善及び再建整備に関する特別措置法
訪問販売、通信販売、マルチ販売等法	特定商取引に関する法律
訪販、通販、マルチ等法	特定商取引に関する法律
特定商取引法	特定商取引に関する法律
品確法	揮発油等の品質の確保等に関する法律
領海法	領海及び接続水域に関する法律
沖縄位置境界明確化法	沖縄県の区域内における位置境界不明地域内の各筆の土地の位置境界の明確化等に関する特別措置法
ＮＡＣＣＳ特例法	電子情報処理組織による輸出入等関連業務の処理等に関する法律
国旗差別対抗法	外国等による本邦外航船舶運航事業者に対する不利益な取扱いに対する特別措置に関する法律
分野調整法	中小企業の事業活動の機会の確保のための大企業者の事業活動の調整に関する法律
水産加工施設資金法	水産加工業施設改良資金融通臨時措置法
水産加工資金法	水産加工業施設改良資金融通臨時措置法
漁業離職者臨時措置法	国際協定の締結等に伴う漁業離職者に関する臨時措置法
漁臨法	国際協定の締結等に伴う漁業離職者に関する臨時措置法
騒特法	特定空港周辺航空機騒音対策特別措置法
空港周辺立地規制法	特定空港周辺航空機騒音対策特別措置法
国際出願法	特許協力条約に基づく国際出願等に関する法律
人質強要行為処罰法	人質による強要行為等の処罰に関する法律
人質強要処罰法	人質による強要行為等の処罰に関する法律
大震法	大規模地震対策特別措置法
地震対策法	大規模地震対策特別措置法
仮登記担保法	仮登記担保契約に関する法律
日韓大陸棚法	日本国と大韓民国との間の両国に隣接する大陸棚の南部の共同開発に関する協定の実施に伴う石油及び可燃性天然ガス資源の開発に関する特別措置法
日韓大陸棚協定の実施に伴う石油及び可燃性天然ガス資源の開発に関する特別措置法	日本国と大韓民国との間の両国に隣接する大陸棚の南部の共同開発に関する協定の実施に伴う石油及び可燃性天然ガス資源の開発に関する特別措置法
成田法	成田国際空港の安全確保に関する緊急措置法
成田新法	成田国際空港の安全確保に関する緊急措置法
ネズミ講防止法	無限連鎖講の防止に関する法律
民執法	民事執行法
特監法	特定ガス消費機器の設置工事の監督に関する法律
省エネ法	エネルギーの使用の合理化及び非化石エネルギーへの転換等に関する法律
沿道法	幹線道路の沿道の整備に関する法律
沿道整備法	幹線道路の沿道の整備に関する法律
犯給法	犯罪被害者等給付金の支給等による犯罪被害者等の支援に関する法律
トン数法	船舶のトン数の測度に関する法律
明日香法	明日香村における歴史的風土の保存及び生活環境の整備等に関する特別措置法
明日香村特別措置法	明日香村における歴史的風土の保存及び生活環境の整備等に関する特別措置法
明日香保存法	明日香村における歴史的風土の保存及び生活環境の整備等に関する特別措置法
国際捜査共助法	国際捜査共助等に関する法律
代エネ法	非化石エネルギーの開発及び導入の促進に関する法律
非化石エネルギー法	非化石エネルギーの開発及び導入の促進に関する法律
地震財特法	地震防災対策強化地域における地震対策緊急整備事業に係る国の財政上の特別措置に関する法律
自転車法	自転車の安全利用の促進及び自転車等の駐車対策の総合的推進に関する法律
財源確保法	財政運営に必要な財源の確保を図るための特別措置に関する法律
本四特措法	本州四国連絡橋の建設に伴う一般旅客定期航路事業等に関する特別措置法
フェニックス法	広域臨海環境整備センター法
フェニックス計画法	広域臨海環境整備センター法
行革法	行政改革を推進するため当面講ずべき措置の一環としての国の補助金等の縮減その他の臨時の特例措置に関する法律
生物・毒素兵器禁止条約の実施法	細菌兵器（生物兵器）及び毒素兵器の開発、生産及び貯蔵の禁止並びに廃棄に関する条約等の実施に関する法律
生物兵器禁止条約実施法	細菌兵器（生物兵器）及び毒素兵器の開発、生産及び貯蔵の禁止並びに廃棄に関する条約等の実施に関する法律
生物兵器禁止法	細菌兵器（生物兵器）及び毒素兵器の開発、生産及び貯蔵の禁止並びに廃棄に関する条約等の実施に関する法律
高齢者医療確保法	高齢者の医療の確保に関する法律
北方領土法	北方領土問題等の解決の促進のための特別措置に関する法律
北特法	北方領土問題等の解決の促進のための特別措置に関する法律
外国人教員法	公立の大学における外国人教員の任用等に関する特別措置法
外国人任用法	公立の大学における外国人教員の任用等に関する特別措置法
ノンバンク規制法	貸金業法
献体法	医学及び歯学の教育のための献体に関する法律
湖沼法	湖沼水質保全特別措置法
ＪＴ法	日本たばこ産業株式会社法
ＮＴＴ法	日本電信電話株式会社等に関する法律
電通事法	電気通信事業法
登記事務処理円滑化法	電子情報処理組織による登記事務処理の円滑化のための措置等に関する法律
回路配置法	半導体集積回路の回路配置に関する法律
半導体チップ法	半導体集積回路の回路配置に関する法律
半導体集積回路法	半導体集積回路の回路配置に関する法律
人材派遣法	労働者派遣事業の適正な運営の確保及び派遣労働者の保護等に関する法律
労働者派遣法	労働者派遣事業の適正な運営の確保及び派遣労働者の保護等に関する法律
湾横特措法	東京湾横断道路の建設に関する特別措置法
預託法	預託等取引に関する法律
特定商品預託法	預託等取引に関する法律
特定商品等預託法	預託等取引に関する法律
預託等取引契約法	預託等取引に関する法律
プログラム特例法	プログラムの著作物に係る登録の特例に関する法律
プログラム登録特例法	プログラムの著作物に係る登録の特例に関する法律
外国弁護士法	外国弁護士による法律事務の取扱い等に関する法律
外弁法	外国弁護士による法律事務の取扱い等に関する法律
扶養義務準拠法	扶養義務の準拠法に関する法律
国鉄改革法	日本国有鉄道改革法
ＪＲ会社法	旅客鉄道株式会社及び日本貨物鉄道株式会社に関する法律
国鉄改革法等施行法	日本国有鉄道改革法等施行法
ＭＩＧＡ法	多数国間投資保証機関への加盟に伴う措置に関する法律
通貨法	通貨の単位及び貨幣の発行等に関する法律
貨幣法	通貨の単位及び貨幣の発行等に関する法律
民都法	民間都市開発の推進に関する特別措置法
リゾート法	総合保養地域整備法
地方公務員派遣法	外国の地方公共団体の機関等に派遣される一般職の地方公務員の処遇等に関する法律
社会資本整備特別措置法	日本電信電話株式会社の株式の売払収入の活用による社会資本の整備の促進に関する特別措置法
ＪＤＲ法	国際緊急援助隊の派遣に関する法律
国際緊急援助隊法	国際緊急援助隊の派遣に関する法律
関西学研法	関西文化学術研究都市建設促進法
優良法	大都市地域における優良宅地開発の促進に関する緊急措置法
オゾン層保護法	特定物質等の規制等によるオゾン層の保護に関する法律
四全総法	多極分散型国土形成促進法
行政機関休日法	行政機関の休日に関する法律
裁判所休日法	裁判所の休日に関する法律
静穏保持法	国会議事堂等周辺地域及び外国公館等周辺地域の静穏の保持に関する法律
遊漁船業法	遊漁船業の適正化に関する法律
国会休日法	国会に置かれる機関の休日に関する法律
特定農地貸付法	特定農地貸付けに関する農地法等の特例に関する法律
宅鉄法	大都市地域における宅地開発及び鉄道整備の一体的推進に関する特別措置法
医療介護総合確保法	地域における医療及び介護の総合的な確保の促進に関する法律
特定農産加工法	特定農産加工業経営改善等臨時措置法
民保法	民事保全法
通信・放送開発法	特定通信・放送開発事業実施円滑化法
スパイクタイヤ粉じん発生防止法	スパイクタイヤ粉じんの発生の防止に関する法律
食鳥処理法	食鳥処理の事業の規制及び食鳥検査に関する法律
食鳥検査法	食鳥処理の事業の規制及び食鳥検査に関する法律
生涯学習振興法	生涯学習の振興のための施策の推進体制等の整備に関する法律
国会議員秘書給与法	国会議員の秘書の給与等に関する法律
資源有効利用促進法	資源の有効な利用の促進に関する法律
リサイクル法	資源の有効な利用の促進に関する法律
中小企業労働力確保法	中小企業における労働力の確保及び良好な雇用の機会の創出のための雇用管理の改善の促進に関する法律
商品ファンド法	商品投資に係る事業の規制に関する法律
出入国管理特例法	日本国との平和条約に基づき日本の国籍を離脱した者等の出入国管理に関する特例法
入管特例法	日本国との平和条約に基づき日本の国籍を離脱した者等の出入国管理に関する特例法
育児・介護休業法	育児休業、介護休業等育児又は家族介護を行う労働者の福祉に関する法律
育児介護休業法	育児休業、介護休業等育児又は家族介護を行う労働者の福祉に関する法律
暴対法	暴力団員による不当な行為の防止等に関する法律
暴力団対策法	暴力団員による不当な行為の防止等に関する法律
麻薬特例法	国際的な協力の下に規制薬物に係る不正行為を助長する行為等の防止を図るための麻薬及び向精神薬取締法等の特例等に関する法律
国家公務員育児休業法	国家公務員の育児休業等に関する法律
地方公務員育児休業法	地方公務員の育児休業等に関する法律
裁判官育児休業法	裁判官の育児休業に関する法律
国会職員育児休業法	国会職員の育児休業等に関する法律
産廃法	産業廃棄物の処理に係る特定施設の整備の促進に関する法律
産業廃棄物処理特定施設整備法	産業廃棄物の処理に係る特定施設の整備の促進に関する法律
産業廃棄物法	産業廃棄物の処理に係る特定施設の整備の促進に関する法律
介護労働者法	介護労働者の雇用管理の改善等に関する法律
排ガス抑制法	自動車から排出される窒素酸化物及び粒子状物質の特定地域における総量の削減等に関する特別措置法
自動車ＮＯｘ・ＰＭ法	自動車から排出される窒素酸化物及び粒子状物質の特定地域における総量の削減等に関する特別措置法
種の保存法	絶滅のおそれのある野生動植物の種の保存に関する法律
地方拠点都市法	地方拠点都市地域の整備及び産業業務施設の再配置の促進に関する法律
地方拠点法	地方拠点都市地域の整備及び産業業務施設の再配置の促進に関する法律
ＰＫＯ協力法	国際連合平和維持活動等に対する協力に関する法律
国連平和協力法	国際連合平和維持活動等に対する協力に関する法律
ＰＫＯ法	国際連合平和維持活動等に対する協力に関する法律
看護師等人材確保促進法	看護師等の人材確保の促進に関する法律
お祭り法	地域伝統芸能等を活用した行事の実施による観光及び特定地域商工業の振興に関する法律
地域伝統芸能活用法	地域伝統芸能等を活用した行事の実施による観光及び特定地域商工業の振興に関する法律
時短促進法	労働時間等の設定の改善に関する特別措置法
労働時間等設定改善法	労働時間等の設定の改善に関する特別措置法
バーゼル法	特定有害廃棄物等の輸出入等の規制に関する法律
ゴルフ会員契約適正化法	ゴルフ場等に係る会員契約の適正化に関する法律
ゴルフ場会員適正化法	ゴルフ場等に係る会員契約の適正化に関する法律
資産公開法	政治倫理の確立のための国会議員の資産等の公開等に関する法律
国会移転法	国会等の移転に関する法律
福祉用具法	福祉用具の研究開発及び普及の促進に関する法律
優先出資法	協同組織金融機関の優先出資に関する法律
不競法	不正競争防止法
小規模事業者支援法	商工会及び商工会議所による小規模事業者の支援に関する法律
特優賃法	特定優良賃貸住宅の供給の促進に関する法律
特定農山村法	特定農山村地域における農林業等の活性化のための基盤整備の促進に関する法律
パート労働法	短時間労働者及び有期雇用労働者の雇用管理の改善等に関する法律
パートタイム法	短時間労働者及び有期雇用労働者の雇用管理の改善等に関する法律
行手法	行政手続法
海外援助推進物品譲与法	民間海外援助事業の推進のための物品の譲与に関する法律
区画審設置法	衆議院議員選挙区画定審議会設置法
政治改革関連四法	衆議院議員選挙区画定審議会設置法
水道水源特別措置法	特定水道利水障害の防止のための水道水源水域の水質の保全に関する特別措置法
勤務時間法	一般職の職員の勤務時間、休暇等に関する法律
不特法	不動産特定共同事業法
共用促進法	特定先端大型研究施設の共用の促進に関する法律
コンベンション法	国際会議等の誘致の促進及び開催の円滑化等による国際観光の振興に関する法律
ＰＬ法	製造物責任法
主要食糧需給価格安定法	主要食糧の需給及び価格の安定に関する法律
食糧法	主要食糧の需給及び価格の安定に関する法律
原爆被爆者援護法	原子爆弾被爆者に対する援護に関する法律
原爆三法	原子爆弾被爆者に対する援護に関する法律
被爆者援護法	原子爆弾被爆者に対する援護に関する法律
農山漁村余暇法	農山漁村滞在型余暇活動のための基盤整備の促進に関する法律
政党法人格付与法	政党交付金の交付を受ける政党等に対する法人格の付与に関する法律
政党法人化法	政党交付金の交付を受ける政党等に対する法人格の付与に関する法律
電線共同溝法	電線共同溝の整備等に関する特別措置法
被災マンション法	被災区分所有建物の再建等に関する特別措置法
化学兵器禁止法	化学兵器の禁止及び特定物質の規制等に関する法律
サリン防止法	サリン等による人身被害の防止に関する法律
容器包装リサイクル法	容器包装に係る分別収集及び再商品化の促進等に関する法律
耐震改修促進法	建築物の耐震改修の促進に関する法律
緑の募金法	緑の募金による森林整備等の推進に関する法律
跡地利用特措法	沖縄県における駐留軍用地跡地の有効かつ適切な利用の推進に関する特別措置法
林野三法	林業労働力の確保の促進に関する法律
木安法	木材の安定供給の確保に関する特別措置法
木材安定供給確保特別措置法	木材の安定供給の確保に関する特別措置法
排他的経済水域大陸棚法	排他的経済水域及び大陸棚に関する法律
漁業主権法	排他的経済水域における漁業等に関する主権的権利の行使等に関する法律
ＥＥＺ漁業法	排他的経済水域における漁業等に関する主権的権利の行使等に関する法律
ＴＡＣ法	海洋生物資源の保存及び管理に関する法律
資源管理法	海洋生物資源の保存及び管理に関する法律
特定非常災害特別措置法	特定非常災害の被害者の権利利益の保全等を図るための特別措置に関する法律
特定非常災害法	特定非常災害の被害者の権利利益の保全等を図るための特別措置に関する法律
住専処理法	特定住宅金融専門会社の債権債務の処理の促進等に関する特別措置法
住専法	特定住宅金融専門会社の債権債務の処理の促進等に関する特別措置法
更生特例法	金融機関等の更生手続の特例等に関する法律
金融機関更生特例法	金融機関等の更生手続の特例等に関する法律
再編強化法	農林中央金庫及び特定農水産業協同組合等による信用事業の再編及び強化に関する法律
まぐろ法	まぐろ資源の保存及び管理の強化に関する特別措置法
新エネルギー法	新エネルギー利用等の促進に関する特別措置法
新エネ法	新エネルギー利用等の促進に関する特別措置法
私学事業団法	日本私立学校振興・共済事業団法
密集法	密集市街地における防災街区の整備の促進に関する法律
密集市街地整備法	密集市街地における防災街区の整備の促進に関する法律
南極環境保護法	南極地域の環境の保護に関する法律
南極保護法	南極地域の環境の保護に関する法律
任期付研究員法	一般職の任期付研究員の採用、給与及び勤務時間の特例に関する法律
環境アセス法	環境影響評価法
環境アセスメント法	環境影響評価法
日銀法	日本銀行法
外客誘致法	外国人観光旅客の来訪の促進等による国際観光の振興に関する法律
財政構造改革法	財政構造改革の推進に関する特別措置法
財革法	財政構造改革の推進に関する特別措置法
国外送金法	内国税の適正な課税の確保を図るための国外送金等に係る調書の提出等に関する法律
小学校及び中学校の教諭の普通免許状授与に係る教育免許法の特例等に関する法律	小学校及び中学校の教諭の普通免許状授与に係る教育職員免許法の特例等に関する法律
介護等体験特例法	小学校及び中学校の教諭の普通免許状授与に係る教育職員免許法の特例等に関する法律
臓器移植法	臓器の移植に関する法律
電子帳簿保存法	電子計算機を使用して作成する国税関係帳簿書類の保存方法等の特例に関する法律
大学等技術移転促進法	大学等における技術に関する研究成果の民間事業者への移転の促進に関する法律
ＴＬＯ法	大学等における技術に関する研究成果の民間事業者への移転の促進に関する法律
ＨＡＣＣＰ手法支援法	食品の製造過程の管理の高度化に関する臨時措置法
有責法	投資事業有限責任組合契約に関する法律
ファンド法	投資事業有限責任組合契約に関する法律
投資事業有限責任組合法	投資事業有限責任組合契約に関する法律
ＬＰＳ法	投資事業有限責任組合契約に関する法律
大店立地法	大規模小売店舗立地法
中心市街地活性化法	中心市街地の活性化に関する法律
家電リサイクル法	特定家庭用機器再商品化法
美術品公開促進法	美術品の美術館における公開の促進に関する法律
動産・債権譲渡対抗要件特例法	動産及び債権の譲渡の対抗要件に関する民法の特例等に関する法律
動産・債権譲渡特例法	動産及び債権の譲渡の対抗要件に関する民法の特例等に関する法律
資産流動化法	資産の流動化に関する法律
感染症法	感染症の予防及び感染症の患者に対する医療に関する法律
感染症予防法	感染症の予防及び感染症の患者に対する医療に関する法律
対人地雷禁止法	対人地雷の製造の禁止及び所持の規制等に関する法律
地球温暖化対策推進法	地球温暖化対策の推進に関する法律
温対法	地球温暖化対策の推進に関する法律
旧国鉄債務処理法	日本国有鉄道清算事業団の債務等の処理に関する法律
被災者支援法	被災者生活再建支援法
ＮＰＯ法	特定非営利活動促進法
土地再評価法	土地の再評価に関する法律
サッカーくじ法	スポーツ振興投票の実施等に関する法律
サービサー法	債権管理回収業に関する特別措置法
金融機能再生法	金融機能の再生のための緊急措置に関する法律
金融再生法	金融機能の再生のための緊急措置に関する法律
金融早期健全化法	金融機能の早期健全化のための緊急措置に関する法律
金融機能早期健全化法	金融機能の早期健全化のための緊急措置に関する法律
地方特例交付金法	地方特例交付金等の地方財政の特別措置に関する法律
中小企業新事業活動促進法	中小企業等経営強化法
中促法	中小企業等経営強化法
ノンバンク社債法	金融業者の貸付業務のための社債の発行等に関する法律
金融業者社債発行法	金融業者の貸付業務のための社債の発行等に関する法律
行政機関情報公開法	行政機関の保有する情報の公開に関する法律
行情法	行政機関の保有する情報の公開に関する法律
情報公開法	行政機関の保有する情報の公開に関する法律
ガイドライン関連法	重要影響事態に際して我が国の平和及び安全を確保するための措置に関する法律
周辺事態安全確保法	重要影響事態に際して我が国の平和及び安全を確保するための措置に関する法律
周辺事態法	重要影響事態に際して我が国の平和及び安全を確保するための措置に関する法律
住宅品質確保促進法	住宅の品質確保の促進等に関する法律
住宅品質確保法	住宅の品質確保の促進等に関する法律
化学物質排出把握管理促進法	特定化学物質の環境への排出量の把握等及び管理の改善の促進に関する法律
ＰＲＴＲ法	特定化学物質の環境への排出量の把握等及び管理の改善の促進に関する法律
化学物質把握管理促進法	特定化学物質の環境への排出量の把握等及び管理の改善の促進に関する法律
化管法	特定化学物質の環境への排出量の把握等及び管理の改善の促進に関する法律
中央省庁等改革関連法	内閣府設置法
独法通則法	独立行政法人通則法
新農業基本法	食料・農業・農村基本法
持続農業法	持続性の高い農業生産方式の導入の促進に関する法律
ふん尿法	家畜排せつ物の管理の適正化及び利用の促進に関する法律
家畜排せつ物法	家畜排せつ物の管理の適正化及び利用の促進に関する法律
国旗・国歌法	国旗及び国歌に関する法律
国旗国歌法	国旗及び国歌に関する法律
日の丸君が代法	国旗及び国歌に関する法律
不正アクセス禁止法	不正アクセス行為の禁止等に関する法律
組織犯罪処罰法	組織的な犯罪の処罰及び犯罪収益の規制等に関する法律
組織的犯罪処罰法	組織的な犯罪の処罰及び犯罪収益の規制等に関する法律
組織犯罪対策三法	組織的な犯罪の処罰及び犯罪収益の規制等に関する法律
盗聴法	犯罪捜査のための通信傍受に関する法律
通信傍受法	犯罪捜査のための通信傍受に関する法律
団体規制法	無差別大量殺人行為を行った団体の規制に関する法律
オウム新法	無差別大量殺人行為を行った団体の規制に関する法律
任意後見契約法	任意後見契約に関する法律
成年後見制度等関連四法	任意後見契約に関する法律
後見登記法	後見登記等に関する法律
原災法	原子力災害対策特別措置法
原子力災害特措法	原子力災害対策特別措置法
農研機構法	国立研究開発法人農業・食品産業技術総合研究機構法
官民交流法	国と民間企業との間の人事交流に関する法律
官民人事交流法	国と民間企業との間の人事交流に関する法律
児童ポルノ禁止法	児童買春、児童ポルノに係る行為等の規制及び処罰並びに児童の保護等に関する法律
児童買春禁止法	児童買春、児童ポルノに係る行為等の規制及び処罰並びに児童の保護等に関する法律
国会審議活性化法	国会審議の活性化及び政治主導の政策決定システムの確立に関する法律
ＰＦＩ法	民間資金等の活用による公共施設等の整備等の促進に関する法律
ＰＦＩ推進法	民間資金等の活用による公共施設等の整備等の促進に関する法律
仮名株取引禁止法	政治倫理の確立のための仮名による株取引等の禁止に関する法律
被害者救済法	特定破産法人の破産財団に属すべき財産の回復に関する特別措置法
特定調停法	特定債務等の調整の促進のための特定調停に関する法律
産技法	産業技術力強化法
土砂災害防止法	土砂災害警戒区域等における土砂災害防止対策の推進に関する法律
犯罪被害者保護法	犯罪被害者等の権利利益の保護を図るための刑事手続に付随する措置に関する法律
犯罪被害者等保護法	犯罪被害者等の権利利益の保護を図るための刑事手続に付随する措置に関する法律
大深度法	大深度地下の公共的使用に関する特別措置法
大深度地下使用法	大深度地下の公共的使用に関する特別措置法
金融サービス法	金融サービスの提供及び利用環境の整備等に関する法律
金融商品販売法	金融サービスの提供及び利用環境の整備等に関する法律
電子署名法	電子署名及び認証業務に関する法律
労働契約承継法	会社分割に伴う労働契約の承継等に関する法律
建設リサイクル法	建設工事に係る資材の再資源化等に関する法律
建設資材再資源化法	建設工事に係る資材の再資源化等に関する法律
循環基本法	循環型社会形成推進基本法
食品リサイクル法	食品循環資源の再生利用等の促進に関する法律
最終処分法	特定放射性廃棄物の最終処分に関する法律
任期付職員法	一般職の任期付職員の採用及び給与の特例に関する法律
入札契約適正化法	公共工事の入札及び契約の適正化の促進に関する法律
承認援助法	外国倒産処理手続の承認援助に関する法律
管理事業法	著作権等管理事業法
ＩＴ基本法	高度情報通信ネットワーク社会形成基本法
ＩＴ法	高度情報通信ネットワーク社会形成基本法
船舶検査活動法	重要影響事態等に際して実施する船舶検査活動に関する法律
船舶検査法	重要影響事態等に際して実施する船舶検査活動に関する法律
周辺事態船舶検査活動法	重要影響事態等に際して実施する船舶検査活動に関する法律
クローン法	ヒトに関するクローン技術等の規制に関する法律
ヒトクローン規制法	ヒトに関するクローン技術等の規制に関する法律
クローン技術規制法	ヒトに関するクローン技術等の規制に関する法律
ストーカー法	ストーカー行為等の規制等に関する法律
ストーカー規制法	ストーカー行為等の規制等に関する法律
過疎法	過疎地域自立促進特別措置法
自立促進法	過疎地域自立促進特別措置法
児童虐待防止法	児童虐待の防止等に関する法律
環境物品調達推進法	国等による環境物品等の調達の推進等に関する法律
グリーン購入法	国等による環境物品等の調達の推進等に関する法律
あっせん利得処罰法	公職にある者等のあっせん行為による利得等の処罰に関する法律
人権教育・啓発推進法	人権教育及び人権啓発の推進に関する法律
原発立地振興法	原子力発電施設等立地地域の振興に関する特別措置法
原子力発電施設等立地地域振興特別措置法	原子力発電施設等立地地域の振興に関する特別措置法
原発立地地域振興特措法	原子力発電施設等立地地域の振興に関する特別措置法
マンション管理適正化法	マンションの管理の適正化の推進に関する法律
高齢者住まい法	高齢者の居住の安定確保に関する法律
高齢者居住安定法	高齢者の居住の安定確保に関する法律
高齢者居住法	高齢者の居住の安定確保に関する法律
通信・放送融合法	通信・放送融合技術の開発の促進に関する法律
ＤＢ法	確定給付企業年金法
運転代行業適正化法	自動車運転代行業の業務の適正化に関する法律
自動車運転代行業法	自動車運転代行業の業務の適正化に関する法律
ＰＣＢ廃棄物処理法	ポリ塩化ビフェニル廃棄物の適正な処理の推進に関する特別措置法
ＰＣＢ特別措置法	ポリ塩化ビフェニル廃棄物の適正な処理の推進に関する特別措置法
社振法	社債、株式等の振替に関する法律
社債等振替法	社債、株式等の振替に関する法律
行政機関政策評価法	行政機関が行う政策の評価に関する法律
日本版４０１ｋ法	確定拠出年金法
ＤＣ法	確定拠出年金法
電子契約法	電子消費者契約に関する民法の特例に関する法律
電子消費者契約法	電子消費者契約に関する民法の特例に関する法律
小型船舶登録法	小型船舶の登録等に関する法律
ＭＲＡ法	特定機器に係る適合性評価手続の結果の外国との相互承認の実施に関する法律
個別労働関係紛争解決促進法	個別労働関係紛争の解決の促進に関する法律
銀行等株式保有制限法	銀行等の株式等の保有の制限等に関する法律
プロバイダー法	特定電気通信による情報の流通によって発生する権利侵害等への対処に関する法律
プロバイダ責任制限法	特定電気通信による情報の流通によって発生する権利侵害等への対処に関する法律
ＩＳＰ責任法	特定電気通信による情報の流通によって発生する権利侵害等への対処に関する法律
プロバイダー責任法	特定電気通信による情報の流通によって発生する権利侵害等への対処に関する法律
独立行政法人情報公開法	独立行政法人等の保有する情報の公開に関する法律
独情法	独立行政法人等の保有する情報の公開に関する法律
電磁的記録投票法	地方公共団体の議会の議員及び長の選挙に係る電磁的記録式投票機を用いて行う投票方法等の特例に関する法律
地方選挙電子投票特例法	地方公共団体の議会の議員及び長の選挙に係る電磁的記録式投票機を用いて行う投票方法等の特例に関する法律
電子投票法	地方公共団体の議会の議員及び長の選挙に係る電磁的記録式投票機を用いて行う投票方法等の特例に関する法律
ＤＶ防止法	配偶者からの暴力の防止及び被害者の保護等に関する法律
配偶者暴力防止法	配偶者からの暴力の防止及び被害者の保護等に関する法律
ハンセン病補償法	ハンセン病療養所入所者等に対する補償金の支給等に関する法律
ハンセン病等補償法	ハンセン病療養所入所者等に対する補償金の支給等に関する法律
フロン排出抑制法	フロン類の使用の合理化及び管理の適正化に関する法律
子ども読書活動推進法	子どもの読書活動の推進に関する法律
沖振法	沖縄振興特別措置法
沖縄振興特措法	沖縄振興特別措置法
貨幣回収準備資金法	貨幣回収準備資金に関する法律
農業法人投資円滑化法	農林漁業法人等に対する投資の円滑化に関する特別措置法
投資円滑化法	農林漁業法人等に対する投資の円滑化に関する特別措置法
土対法	土壌汚染対策法
テロ資金提供処罰法	公衆等脅迫目的の犯罪行為等のための資金等の提供等の処罰に関する法律
マンション再生円滑化法	マンションの建替え等の円滑化に関する法律
マンション建て替え円滑化法	マンションの建替え等の円滑化に関する法律
文化財不法輸出入規制法	文化財の不法な輸出入等の規制等に関する法律
自動車リサイクル法	使用済自動車の再資源化等に関する法律
鳥獣保護法	鳥獣の保護及び管理並びに狩猟の適正化に関する法律
ＪＯＧＭＥＣ法	独立行政法人エネルギー・金属鉱物資源機構法
信書便法	民間事業者による信書の送達に関する法律
知財法	知的財産基本法
中小機構法	独立行政法人中小企業基盤整備機構法
デジタル行政推進法	情報通信技術を活用した行政の推進等に関する法律
デジタル手続法	情報通信技術を活用した行政の推進等に関する法律
行政手続オンライン化法	情報通信技術を活用した行政の推進等に関する法律
公的個人認証法	電子署名等に係る地方公共団体情報システム機構の認証業務に関する法律
会更法	会社更生法
鉄運機構法	独立行政法人鉄道建設・運輸施設整備支援機構法
特区法	構造改革特別区域法
構造改革特区法	構造改革特別区域法
金融機関組織再編特措法	金融機関等の組織再編成の促進に関する特別措置法
迷惑メール対策法	特定電子メールの送信の適正化等に関する法律
特定電子メール送信適正化法	特定電子メールの送信の適正化等に関する法律
身障者補助犬法	身体障害者補助犬法
ＢＳＥ対策特別措置法	牛海綿状脳症対策特別措置法
狂牛病対策特別措置法	牛海綿状脳症対策特別措置法
南海トラフ法	南海トラフ地震に係る地震防災対策の推進に関する特別措置法
官製談合防止法	入札談合等関与行為の排除及び防止並びに職員による入札等の公正を害すべき行為の処罰に関する法律
入札談合防止法	入札談合等関与行為の排除及び防止並びに職員による入札等の公正を害すべき行為の処罰に関する法律
ホームレス自立支援特別措置法	ホームレスの自立の支援等に関する特別措置法
ホームレス自立支援法	ホームレスの自立の支援等に関する特別措置法
有明海・八代海再生特別措置法	有明海及び八代海等を再生するための特別措置に関する法律
拉致被害者支援法	北朝鮮当局によって拉致された被害者等の支援に関する法律
法科大学院派遣法	法科大学院への裁判官及び検察官その他の一般職の国家公務員の派遣に関する法律
個人情報保護法	個人情報の保護に関する法律
行政機関個人情報保護法	行政機関の保有する個人情報の保護に関する法律
独立行政法人個人情報保護法	独立行政法人等の保有する個人情報の保護に関する法律
ピッキング対策法	特殊開錠用具の所持の禁止等に関する法律
ピッキング防止法	特殊開錠用具の所持の禁止等に関する法律
牛トレサ法	牛の個体識別のための情報の管理及び伝達に関する特別措置法
牛肉トレーサビリティー法	牛の個体識別のための情報の管理及び伝達に関する特別措置法
牛トレーサビリティ法	牛の個体識別のための情報の管理及び伝達に関する特別措置法
武力攻撃事態対処法	武力攻撃事態等及び存立危機事態における我が国の平和と独立並びに国及び国民の安全の確保に関する法律
事態対処法	武力攻撃事態等及び存立危機事態における我が国の平和と独立並びに国及び国民の安全の確保に関する法律
出会い系サイト規制法	インターネット異性紹介事業を利用して児童を誘引する行為の規制等に関する法律
出会い系サイト被害防止法	インターネット異性紹介事業を利用して児童を誘引する行為の規制等に関する法律
カルタヘナ法	遺伝子組換え生物等の使用等の規制による生物の多様性の確保に関する法律
カルタヘナ議定書担保法	遺伝子組換え生物等の使用等の規制による生物の多様性の確保に関する法律
カルタヘナ担保法	遺伝子組換え生物等の使用等の規制による生物の多様性の確保に関する法律
産廃特措法	特定産業廃棄物に起因する支障の除去等に関する特別措置法
裁判迅速化法	裁判の迅速化に関する法律
人訴法	人事訴訟法
心神喪失者等医療観察法	心神喪失等の状態で重大な他害行為を行った者の医療及び観察等に関する法律
国大法人法	国立大学法人法
次世代法	次世代育成支援対策推進法
成田空港会社法	成田国際空港株式会社法
性同一性障害特例法	性同一性障害者の性別の取扱いの特例に関する法律
環境教育等促進法	環境教育等による環境保全の取組の促進に関する法律
少子化対策基本法	少子化社会対策基本法
国際船舶・港湾保安法	国際航海船舶及び国際港湾施設の保安の確保等に関する法律
市町村合併特例法	市町村の合併の特例に関する法律
合併特例法	市町村の合併の特例に関する法律
裁判員法	裁判員の参加する刑事裁判に関する法律
環境配慮促進法	環境情報の提供の促進等による特定事業者等の環境に配慮した事業活動の促進に関する法律
外来生物法	特定外来生物による生態系等に係る被害の防止に関する法律
高速道路会社法	高速道路株式会社法
ＧＰＩＦ法	年金積立金管理運用独立行政法人法
国民保護法	武力攻撃事態等における国民の保護のための措置に関する法律
米軍行動関連措置法	武力攻撃事態等及び存立危機事態におけるアメリカ合衆国等の軍隊の行動に伴い我が国が実施する措置に関する法律
米軍行動円滑化法	武力攻撃事態等及び存立危機事態におけるアメリカ合衆国等の軍隊の行動に伴い我が国が実施する措置に関する法律
特定公共施設利用法	武力攻撃事態等における特定公共施設等の利用に関する法律
国際人道法違反処罰法	国際人道法の重大な違反行為の処罰に関する法律
外国軍用品等海上輸送規制法	武力攻撃事態及び存立危機事態における外国軍用品等の海上輸送の規制に関する法律
捕虜取扱法	武力攻撃事態及び存立危機事態における捕虜等の取扱いに関する法律
捕虜取扱い法	武力攻撃事態及び存立危機事態における捕虜等の取扱いに関する法律
不登法	不動産登記法
新不動産登記法	不動産登記法
金融機能強化法	金融機能の強化のための特別措置に関する法律
電子文書法	民間事業者等が行う書面の保存等における情報通信の技術の利用に関する法律
ｅ－文書法	民間事業者等が行う書面の保存等における情報通信の技術の利用に関する法律
ＡＤＲ法	裁判外紛争解決手続の利用の促進に関する法律
コンテンツ促進法	コンテンツの創造、保護及び活用の促進に関する法律
特定船舶入港禁止法	特定船舶の入港の禁止に関する特別措置法
特定船舶入港禁止特措法	特定船舶の入港の禁止に関する特別措置法
ＬＬＰ法	有限責任事業組合契約に関する法律
有限責任事業組合契約法	有限責任事業組合契約に関する法律
刑事被収容者処遇法	刑事収容施設及び被収容者等の処遇に関する法律
刑事施設法	刑事収容施設及び被収容者等の処遇に関する法律
刑事収容施設法	刑事収容施設及び被収容者等の処遇に関する法律
オフロード法	特定特殊自動車排出ガスの規制等に関する法律
地域住宅特別措置法	地域における多様な需要に応じた公的賃貸住宅等の整備等に関する特別措置法
公的賃貸住宅等整備特別措置法	地域における多様な需要に応じた公的賃貸住宅等の整備等に関する特別措置法
物流総合効率化法	物資の流通の効率化に関する法律
障害者総合支援法	障害者の日常生活及び社会生活を総合的に支援するための法律
公共工事品質確保法	公共工事の品質確保の促進に関する法律
公共工事品確法	公共工事の品質確保の促進に関する法律
携帯電話不正利用防止法	携帯音声通信事業者による契約者等の本人確認等及び携帯音声通信役務の不正な利用の防止に関する法律
預貯金者保護法	偽造カード等及び盗難カード等を用いて行われる不正な機械式預貯金払戻し等からの預貯金者の保護等に関する法律
預金者保護法	偽造カード等及び盗難カード等を用いて行われる不正な機械式預貯金払戻し等からの預貯金者の保護等に関する法律
出入国管理法第二条第五号ロの旅券を所持する外国人の上陸申請の特例に関する法律	出入国管理及び難民認定法第二条第五号ロの旅券を所持する外国人の上陸申請の特例に関する法律
入管法第二条第五号ロの旅券を所持する外国人の上陸申請の特例に関する法律	出入国管理及び難民認定法第二条第五号ロの旅券を所持する外国人の上陸申請の特例に関する法律
難民認定法第二条第五号ロの旅券を所持する外国人の上陸申請の特例に関する法律	出入国管理及び難民認定法第二条第五号ロの旅券を所持する外国人の上陸申請の特例に関する法律
高齢者虐待防止法	高齢者虐待の防止、高齢者の養護者に対する支援等に関する法律
石綿救済法	石綿による健康被害の救済に関する法律
石綿健康被害救済法	石綿による健康被害の救済に関する法律
石綿被害者救済法	石綿による健康被害の救済に関する法律
アスベスト救済法	石綿による健康被害の救済に関する法律
中小企業ものづくり基盤技術高度化法	中小企業のものづくり基盤技術の高度化に関する法律
中小ものづくり高度化法	中小企業のものづくり基盤技術の高度化に関する法律
行政改革推進法	簡素で効率的な政府を実現するための行政改革の推進に関する法律
行革推進法	簡素で効率的な政府を実現するための行政改革の推進に関する法律
一般法人法	一般社団法人及び一般財団法人に関する法律
一般社団・財団法	一般社団法人及び一般財団法人に関する法律
一般社団・財団法人法	一般社団法人及び一般財団法人に関する法律
公益法人法	公益社団法人及び公益財団法人の認定等に関する法律
公益法人認定法	公益社団法人及び公益財団法人の認定等に関する法律
公共サービス改革法	競争の導入による公共サービスの改革に関する法律
市場化テスト法	競争の導入による公共サービスの改革に関する法律
認定こども園法	就学前の子どもに関する教育、保育等の総合的な提供の推進に関する法律
法適用通則法	法の適用に関する通則法
被害回復給付金支給法	犯罪被害財産等による被害回復給付金の支給に関する法律
担い手経営安定法	農業の担い手に対する経営安定のための交付金の交付に関する法律
バリアフリー法	高齢者、障害者等の移動等の円滑化の促進に関する法律
道州制特区法	道州制特別区域における広域行政の推進に関する法律
道州制特区推進法	道州制特別区域における広域行政の推進に関する法律
教基法	教育基本法
自殺対策法	自殺対策基本法
ドミニカ移住者特別一時金支給法	ドミニカ移住者に対する特別一時金の支給等に関する法律
有機農業推進法	有機農業の推進に関する法律
探偵業務適正化法	探偵業の業務の適正化に関する法律
探偵業法	探偵業の業務の適正化に関する法律
北朝鮮人権法	拉致問題その他北朝鮮当局による人権侵害問題への対処に関する法律
北朝鮮人権侵害対処法	拉致問題その他北朝鮮当局による人権侵害問題への対処に関する法律
文化遺産国際協力推進法	海外の文化遺産の保護に係る国際的な協力の推進に関する法律
がん対策法	がん対策基本法
犯罪収益移転防止法	犯罪による収益の移転防止に関する法律
犯収法	犯罪による収益の移転防止に関する法律
特会法	特別会計に関する法律
特別会計法	特別会計に関する法律
国際刑事裁判所協力法	国際刑事裁判所に対する協力等に関する法律
ＩＣＣ協力法	国際刑事裁判所に対する協力等に関する法律
放射線発散処罰法	放射線を発散させて人の生命等に危険を生じさせる行為等の処罰に関する法律
中小企業地域資源活用促進法	中小企業による地域産業資源を活用した事業活動の促進に関する法律
地域未来投資促進法	地域経済牽引事業の促進による地域の成長発展の基盤強化に関する法律
自己啓発等休業法	国家公務員の自己啓発等休業に関する法律
農山漁村活性化法	農山漁村の活性化のための定住等及び地域間交流の促進に関する法律
広域的地域活性化法	広域的地域活性化のための基盤整備に関する法律
地域公共交通活性化法	地域公共交通の活性化及び再生に関する法律
地域公共交通活性化・再生法	地域公共交通の活性化及び再生に関する法律
住宅瑕疵担保履行法	特定住宅瑕疵担保責任の履行の確保等に関する法律
在日米軍再編特措法	駐留軍等の再編の円滑な実施に関する特別措置法
米軍再編特措法	駐留軍等の再編の円滑な実施に関する特別措置法
米軍再編法	駐留軍等の再編の円滑な実施に関する特別措置法
米軍再編特別措置法	駐留軍等の再編の円滑な実施に関する特別措置法
商工中金法	株式会社商工組合中央金庫法
ＤＢＪ法	株式会社日本政策投資銀行法
地方公共団体財政健全化法	地方公共団体の財政の健全化に関する法律
地方自治体財政健全化法	地方公共団体の財政の健全化に関する法律
財政健全化法	地方公共団体の財政の健全化に関する法律
社会保障協定の実施に伴う厚生年金法等の特例等に関する法律	社会保障協定の実施に伴う厚生年金保険法等の特例等に関する法律
労契法	労働契約法
環境配慮契約法	国等における温室効果ガス等の排出の削減に配慮した契約の推進に関する法律
グリーン契約法	国等における温室効果ガス等の排出の削減に配慮した契約の推進に関する法律
ドクターヘリ法	救急医療用ヘリコプターを用いた救急医療の確保に関する特別措置法
ドクターヘリ特別措置法	救急医療用ヘリコプターを用いた救急医療の確保に関する特別措置法
ＮＳＤＩ法	地理空間情報活用推進基本法
映画盗撮防止法	映画の盗撮の防止に関する法律
年金時効特例法	厚生年金保険の保険給付及び国民年金の給付に係る時効の特例等に関する法律
住宅セーフティネット法	住宅確保要配慮者に対する賃貸住宅の供給の促進に関する法律
厚生年金特例法	厚生年金保険の保険給付及び保険料の納付の特例等に関する法律
振り込め詐欺救済法	犯罪利用預金口座等に係る資金による被害回復分配金の支払等に関する法律
鳥獣被害防止特措法	鳥獣による農林水産業等に係る被害の防止のための特別措置に関する法律
間伐等特別措置法	森林の間伐等の実施の促進に関する特別措置法
間伐等特措法	森林の間伐等の実施の促進に関する特別措置法
経営承継円滑化法	中小企業における経営の承継の円滑化に関する法律
中小企業経営承継円滑化法	中小企業における経営の承継の円滑化に関する法律
農商工等連携促進法	中小企業者と農林漁業者との連携による事業活動の促進に関する法律
観光圏整備法	観光圏の整備による観光旅客の来訪及び滞在の促進に関する法律
歴史まちづくり法	地域における歴史的風致の維持及び向上に関する法律
農林漁業バイオ燃料法	農林漁業有機物資源のバイオ燃料の原材料としての利用の促進に関する法律
領海外国船舶航行法	領海等における外国船舶の航行に関する法律
公務員改革法	国家公務員制度改革基本法
ペットフード安全法	愛がん動物用飼料の安全性の確保に関する法律
長期優良住宅法	長期優良住宅の普及の促進に関する法律
科技イノベ活性化法	科学技術・イノベーション創出の活性化に関する法律
研究開発力強化法	科学技術・イノベーション創出の活性化に関する法律
教科書バリアフリー法	障害のある児童及び生徒のための教科用特定図書等の普及の促進等に関する法律
教科用特定図書等普及促進法	障害のある児童及び生徒のための教科用特定図書等の普及の促進等に関する法律
特定Ｃ型肝炎ウイルス感染者救済特別措置法	特定フィブリノゲン製剤及び特定血液凝固第ＩＸ因子製剤によるＣ型肝炎感染被害者を救済するための給付金の支給に関する特別措置法
青少年インターネット環境整備法	青少年が安全に安心してインターネットを利用できる環境の整備等に関する法律
オウム真理教犯罪被害者救済法	オウム真理教犯罪被害者等を救済するための給付金の支給に関する法律
ハンセン病問題解決促進法	ハンセン病問題の解決の促進に関する法律
ハンセン病問題基本法	ハンセン病問題の解決の促進に関する法律
ハンセン病基本法	ハンセン病問題の解決の促進に関する法律
対外国民事裁判権法	外国等に対する我が国の民事裁判権に関する法律
民事裁判権法	外国等に対する我が国の民事裁判権に関する法律
米粉・エサ米法	米穀の新用途への利用の促進に関する法律
米粉・飼料用米法	米穀の新用途への利用の促進に関する法律
米トレーサビリティ法	米穀等の取引等に係る情報の記録及び産地情報の伝達に関する法律
消費者庁関連三法	消費者庁及び消費者委員会設置法
海賊対処法	海賊行為の処罰及び海賊行為への対処に関する法律
資金決済法	資金決済に関する法律
タクシー適正化・活性化法	特定地域及び準特定地域における一般乗用旅客自動車運送事業の適正化及び活性化に関する特別措置法
公文書管理法	公文書等の管理に関する法律
エネルギー供給構造高度化法	エネルギー供給事業者によるエネルギー源の環境適合利用及び化石エネルギー原料の有効な利用の促進に関する法律
地域商店街活性化法	商店街の活性化のための地域住民の需要に応じた事業活動の促進に関する法律
クラスター弾等禁止法	クラスター弾等の製造の禁止及び所持の規制等に関する法律
原爆症救済法	原爆症認定集団訴訟の原告に係る問題の解決のための基金に対する補助に関する法律
遅延加算金法	厚生年金保険の保険給付及び国民年金の給付の支払の遅延に係る加算金の支給に関する法律
水俣病特措法	水俣病被害者の救済及び水俣病問題の解決に関する特別措置法
水俣病被害者救済特別措置法	水俣病被害者の救済及び水俣病問題の解決に関する特別措置法
水俣病被害者救済法	水俣病被害者の救済及び水俣病問題の解決に関する特別措置法
水俣病救済法	水俣病被害者の救済及び水俣病問題の解決に関する特別措置法
海岸漂着物処理推進法	美しく豊かな自然を保護するための海岸における良好な景観及び環境並びに海洋環境の保全に係る海岸漂着物等の処理等の推進に関する法律
租特透明化法	租税特別措置の適用状況の透明化等に関する法律
公共建築物木材利用促進法	脱炭素社会の実現に資する等のための建築物等における木材の利用の促進に関する法律
公共建築物等木材利用促進法	脱炭素社会の実現に資する等のための建築物等における木材の利用の促進に関する法律
低炭素投資促進法	エネルギー環境適合製品の開発及び製造を行う事業の促進に関する法律
低潮線保全法	排他的経済水域及び大陸棚の保全及び利用の促進のための低潮線の保全及び拠点施設の整備等に関する法律
貨物検査特別措置法	国際連合安全保障理事会決議第千八百七十四号等を踏まえ我が国が実施する貨物検査等に関する特別措置法
貨物検査法	国際連合安全保障理事会決議第千八百七十四号等を踏まえ我が国が実施する貨物検査等に関する特別措置法
六次産業化法	地域資源を活用した農林漁業者等による新事業の創出等及び地域の農林水産物の利用促進に関する法律
生物多様性地域連携促進法	地域における多様な主体の連携による生物の多様性の保全のための活動の促進等に関する法律
シベリア特措法	戦後強制抑留者に係る問題に関する特別措置法
戦後強制抑留者特別措置法	戦後強制抑留者に係る問題に関する特別措置法
美術品損害補償法	展覧会における美術品損害の補償に関する法律
美術品補償法	展覧会における美術品損害の補償に関する法律
震災特例法	東日本大震災の被災者等に係る国税関係法律の臨時特例に関する法律
国地方協議の場法	国と地方の協議の場に関する法律
地域主権改革関連三法	国と地方の協議の場に関する法律
新ＪＢＩＣ法	株式会社国際協力銀行法
東日本大震災財特法	東日本大震災に対処するための特別の財政援助及び助成に関する法律
求職者支援法	職業訓練の実施等による特定求職者の就職の支援に関する法律
非訟法	非訟事件手続法
旅券特例法	東日本大震災の被災者に係る一般旅券の発給の特例に関する法律
総合特区法	総合特別区域法
原発避難者特例法	東日本大震災における原子力発電所の事故による災害に対処するための避難住民に係る事務処理の特例及び住所移転者に係る措置に関する法律
平成二十三年度子ども手当特別措置法	平成二十三年度における子ども手当の支給等に関する特別措置法
平成二十三年度子ども手当支給特別措置法	平成二十三年度における子ども手当の支給等に関する特別措置法
再生可能エネルギー特別措置法	再生可能エネルギー電気の利用の促進に関する特別措置法
再エネ特措法	再生可能エネルギー電気の利用の促進に関する特別措置法
ＦＩＴ法	再生可能エネルギー電気の利用の促進に関する特別措置法
再生可能エネルギー特措法	再生可能エネルギー電気の利用の促進に関する特別措置法
復興財源確保法	東日本大震災からの復興のための施策を実施するために必要な財源の確保に関する特別措置法
復興特区法	東日本大震災復興特別区域法
津波防災地域づくり法	津波防災地域づくりに関する法律
特定Ｂ型肝炎感染者給付金支給法	特定Ｂ型肝炎ウイルス感染者給付金等の支給に関する特別措置法
歯科口腔保健法	歯科口腔保健の推進に関する法律
海外美術品等公開促進法	海外の美術品等の我が国における公開の促進に関する法律
お茶振興法	お茶の振興に関する法律
津波対策推進法	津波対策の推進に関する法律
障害者虐待防止法	障害者虐待の防止、障害者の養護者に対する支援等に関する法律
災害廃棄物処理特措法	東日本大震災により生じた災害廃棄物の処理に関する特別措置法
運輸事業振興助成法	運輸事業の振興の助成に関する法律
放射性物質汚染対処特措法	平成二十三年三月十一日に発生した東北地方太平洋沖地震に伴う原子力発電所の事故により放出された放射性物質による環境の汚染への対処に関する特別措置法
福島復興再生特措法	福島復興再生特別措置法
福島特措法	福島復興再生特別措置法
特定タンカー賠償義務履行担保契約特措法	特定タンカーに係る特定賠償義務履行担保契約等に関する特別措置法
イラン産原油輸送タンカー特措法	特定タンカーに係る特定賠償義務履行担保契約等に関する特別措置法
アジア拠点化推進法	特定多国籍企業による研究開発事業等の促進に関する特別措置法
小型家電リサイクル法	使用済小型電子機器等の再資源化の促進に関する法律
エコまち法	都市の低炭素化の促進に関する法律
年金生活者支援給付金法	年金生活者支援給付金の支給に関する法律
子ども・被災者支援法	東京電力原子力事故により被災した子どもをはじめとする住民等の生活を守り支えるための被災者の生活支援等に関する施策の推進に関する法律
原発事故子ども・被災者支援法	東京電力原子力事故により被災した子どもをはじめとする住民等の生活を守り支えるための被災者の生活支援等に関する施策の推進に関する法律
劇場法	劇場、音楽堂等の活性化に関する法律
消費者教育推進法	消費者教育の推進に関する法律
消費者教育法	消費者教育の推進に関する法律
造血幹細胞提供推進法	移植に用いる造血幹細胞の適切な提供の推進に関する法律
造血幹細胞移植法	移植に用いる造血幹細胞の適切な提供の推進に関する法律
法テラス震災特例法	東日本大震災の被災者に対する援助のための日本司法支援センターの業務の特例に関する法律
死因身元調査法	警察等が取り扱う死体の死因又は身元の調査等に関する法律
障害者優先調達推進法	国等による障害者就労施設等からの物品等の調達の推進等に関する法律
大都市地域特別区設置法	大都市地域における特別区の設置に関する法律
番号法	行政手続における特定の個人を識別するための番号の利用等に関する法律
個人番号法	行政手続における特定の個人を識別するための番号の利用等に関する法律
マイナンバー法	行政手続における特定の個人を識別するための番号の利用等に関する法律
消費税転嫁対策特別措置法	消費税の円滑かつ適正な転嫁の確保のための消費税の転嫁を阻害する行為の是正等に関する特別措置法
ハーグ条約実施法	国際的な子の奪取の民事上の側面に関する条約の実施に関する法律
薬物法	薬物使用等の罪を犯した者に対する刑の一部の執行猶予に関する法律
クールジャパン法	株式会社海外需要開拓支援機構法
大規模災害復興法	大規模災害からの復興に関する法律
大規模災害借地借家法	大規模な災害の被災地における借地借家に関する特別措置法
被災地借地借家法	大規模な災害の被災地における借地借家に関する特別措置法
障害者差別解消法	障害を理由とする差別の解消の推進に関する法律
民活空港運営法	民間の能力を活用した国管理空港等の運営等に関する法律
日本船舶警備特措法	海賊多発海域における日本船舶の警備に関する特別措置法
配偶者同行休業法	国家公務員の配偶者同行休業に関する法律
農山漁村再生可能エネルギー法	農林漁業の健全な発展と調和のとれた再生可能エネルギー電気の発電の促進に関する法律
再生医療安全性確保法	再生医療等の安全性の確保等に関する法律
再生医療等安全性確保法	再生医療等の安全性の確保等に関する法律
自動車運転死傷行為処罰法	自動車の運転により人を死傷させる行為等の処罰に関する法律
自動車運転死傷処罰法	自動車の運転により人を死傷させる行為等の処罰に関する法律
悪質運転厳罰法	自動車の運転により人を死傷させる行為等の処罰に関する法律
集団訴訟法	消費者の財産的被害等の集団的な回復のための民事の裁判手続の特例に関する法律
消費者裁判手続特例法	消費者の財産的被害等の集団的な回復のための民事の裁判手続の特例に関する法律
消費者訴訟法	消費者の財産的被害等の集団的な回復のための民事の裁判手続の特例に関する法律
農地バンク法	農地中間管理事業の推進に関する法律
国家戦略特区法	国家戦略特別区域法
特定秘密保護法	特定秘密の保護に関する法律
特定秘密法	特定秘密の保護に関する法律
社会保障改革プログラム法	持続可能な社会保障制度の確立を図るための改革の推進に関する法律
プログラム法	持続可能な社会保障制度の確立を図るための改革の推進に関する法律
がん登録推進法	がん登録等の推進に関する法律
再生医療推進法	再生医療を国民が迅速かつ安全に受けられるようにするための施策の総合的な推進に関する法律
子どもの貧困対策法	こどもの貧困の解消に向けた対策の推進に関する法律
いじめ防止法	いじめ防止対策推進法
いじめ対策法	いじめ防止対策推進法
アル法	アルコール健康障害対策基本法
消防団充実強化法	消防団を中核とした地域防災力の充実強化に関する法律
難病法	難病の患者に対する医療等に関する法律
難病医療法	難病の患者に対する医療等に関する法律
行審法	行政不服審査法
行服法	行政不服審査法
地理的表示法	特定農林水産物等の名称の保護に関する法律
小規模基本法	小規模企業振興基本法
国際テロリスト財産凍結法	国際連合安全保障理事会決議第千二百六十七号等を踏まえ我が国が実施する財産の凍結等に関する特別措置法
地方創生法	まち・ひと・しごと創生法
有期特措法	専門的知識等を有する有期雇用労働者等に関する特別措置法
有期雇用特別措置法	専門的知識等を有する有期雇用労働者等に関する特別措置法
雨水利用推進法	雨水の利用の推進に関する法律
地域自然資産法	地域自然資産区域における自然環境の保全及び持続可能な利用の推進に関する法律
医療機器促進法	国民が受ける医療の質の向上のための医療機器の研究開発及び普及の促進に関する法律
過労死防止法	過労死等防止対策推進法
花き振興法	花きの振興に関する法律
リベンジポルノ規制法	私事性的画像記録の提供等による被害の防止に関する法律
リベンジポルノ防止法	私事性的画像記録の提供等による被害の防止に関する法律
空家特措法	空家等対策の推進に関する特別措置法
長期契約法	特定防衛調達に係る国庫債務負担行為により支出すべき年限に関する特別措置法
オリパラ特措法	令和三年東京オリンピック競技大会・東京パラリンピック競技大会特別措置法
ラグビー特措法	平成三十一年ラグビーワールドカップ大会特別措置法
水銀汚染防止法	水銀による環境の汚染の防止に関する法律
水銀環境汚染防止法	水銀による環境の汚染の防止に関する法律
建築物省エネ法	建築物のエネルギー消費性能の向上等に関する法律
女性活躍推進法	女性の職業生活における活躍の推進に関する法律
国際平和支援法	国際平和共同対処事態に際して我が国が実施する諸外国の軍隊等に対する協力支援活動等に関する法律
職務待遇確保法	労働者の職務に応じた待遇の確保等のための施策の推進に関する法律
同一労働同一賃金推進法	労働者の職務に応じた待遇の確保等のための施策の推進に関する法律
琵琶湖保全再生法	琵琶湖の保全及び再生に関する法律
宇宙活動法	人工衛星等の打上げ及び人工衛星の管理に関する法律
衛星リモ―トセンシング法	衛星リモートセンシング記録の適正な取扱いの確保に関する法律
衛星リモセン法	衛星リモートセンシング記録の適正な取扱いの確保に関する法律
技能実習法	外国人の技能実習の適正な実施及び技能実習生の保護に関する法律
ヘイトスピーチ解消法	本邦外出身者に対する不当な差別的言動の解消に向けた取組の推進に関する法律
養子縁組あっせん法	民間あっせん機関による養子縁組のあっせんに係る児童の保護等に関する法律
建設職人基本法	建設工事従事者の安全及び健康の確保の推進に関する法律
小型無人機等飛行禁止法	重要施設の周辺地域の上空における小型無人機等の飛行の禁止に関する法律
戦没者遺骨収集推進法	戦没者の遺骨収集の推進に関する法律
成年後見制度利用促進法	成年後見制度の利用の促進に関する法律
有人国境離島法	有人国境離島地域の保全及び特定有人国境離島地域に係る地域社会の維持に関する特別措置法
クリーンウッド法	合法伐採木材等の流通及び利用の促進に関する法律
真珠振興法	真珠の振興に関する法律
休眠預金等活用法	民間公益活動を促進するための休眠預金等に係る資金の活用に関する法律
再犯防止法	再犯の防止等の推進に関する法律
再犯防止推進法	再犯の防止等の推進に関する法律
教育機会確保法	義務教育の段階における普通教育に相当する教育の機会の確保等に関する法律
部落差別解消推進法	部落差別の解消の推進に関する法律
無電柱化法	無電柱化の推進に関する法律
無電柱化推進法	無電柱化の推進に関する法律
次世代医療基盤法	医療分野の研究開発に資するための匿名加工医療情報及び仮名加工医療情報に関する法律
電子委任状法	電子委任状の普及の促進に関する法律
民泊法	住宅宿泊事業法
民泊新法	住宅宿泊事業法
地方大学・産業創生法	地域における大学の振興及び若者の雇用機会の創出による若者の修学及び就業の促進に関する法律
地方大学振興法	地域における大学の振興及び若者の雇用機会の創出による若者の修学及び就業の促進に関する法律
海外インフラ展開法	海外社会資本事業への我が国事業者の参入の促進に関する法律
所有者不明土地法	所有者不明土地の利用の円滑化等に関する特別措置法
都市農地貸借円滑化法	都市農地の貸借の円滑化に関する法律
ＩＲ法	特定複合観光施設区域整備法
ＩＲ整備法	特定複合観光施設区域整備法
再エネ海域利用法	海洋再生可能エネルギー発電設備の整備に係る海域の利用の促進に関する法律
障害者文化芸術推進法	障害者による文化芸術活動の推進に関する法律
祭典法	国際文化交流の祭典の実施の推進に関する法律
ドーピング防止活動推進法	スポーツにおけるドーピングの防止活動の推進に関する法律
チケット不正転売禁止法	特定興行入場券の不正転売の禁止等による興行入場券の適正な流通の確保に関する法律
成育基本法	成育過程にある者及びその保護者並びに妊産婦に対し必要な成育医療等を切れ目なく提供するための施策の総合的な推進に関する法律
アイヌ施策推進法	アイヌの人々の誇りが尊重される社会を実現するための施策の推進に関する法律
平成三十七年国際博覧会特措法	令和七年に開催される国際博覧会の準備及び運営のために必要な特別措置に関する法律
旧優生保護法一時金支給法	旧優生保護法に基づく優生手術等を受けた者に対する一時金の支給等に関する法律
表題部所有者不明土地法	表題部所有者不明土地の登記及び管理の適正化に関する法律
食品ロス削減推進法	食品ロスの削減の推進に関する法律
日本語教育推進法	日本語教育の推進に関する法律
流適法	特定水産動植物等の国内流通の適正化等に関する法律
水産流通適正化法	特定水産動植物等の国内流通の適正化等に関する法律
取引ＤＰＦ消費者保護法	取引デジタルプラットフォームを利用する消費者の利益の保護に関する法律
取引ＤＰＦ法	取引デジタルプラットフォームを利用する消費者の利益の保護に関する法律
みどりの食料システム法	環境と調和のとれた食料システムの確立のための環境負荷低減事業活動の促進等に関する法律
キャッシュレス法	情報通信技術を利用する方法による国の歳入等の納付に関する法律
不当寄附勧誘防止法	法人等による寄附の不当な勧誘の防止等に関する法律
障害者情報アクセシビリティ・コミュニケーション施策推進法	障害者による情報の取得及び利用並びに意思疎通に係る施策の推進に関する法律
ＡＶ出演被害防止・救済法	性をめぐる個人の尊厳が重んぜられる社会の形成に資するために性行為映像制作物への出演に係る被害の防止を図り及び出演者の救済に資するための出演契約等に関する特則等に関する法律
フリーランス・事業者間取引適正化等法	特定受託事業者に係る取引の適正化等に関する法律
ＡＩ法	人工知能関連技術の研究開発及び活用の推進に関する法律
